adams_myths-old-greece_1900.xml	William Adams
adams_myths-old-greece_1900.xml	James Gates Percival
adams_myths-old-greece_1900.xml	William Cullen Bryant
adams_myths-old-greece_1900.xml	William Shakespeare
adams_myths-old-greece_1900.xml	Henry W. Longfellow
adams_myths-old-greece_1900.xml	John Stuart Blackie’s
adams_myths-old-greece_1900.xml	John Stuart Blackie’s
adams_myths-old-greece_1900.xml	John Stuart Blackie’s
adams_myths-old-greece_1900.xml	Thomas Davidson
adams_myths-old-greece_1900.xml	Thomas Babington Macaulay
adams_myths-old-greece_1900.xml	Alfred Tennyson
adams_myths-old-greece_1900.xml	John Lewis March
adams_myths-old-greece_1900.xml	Alfred Tennyson
adams_myths-old-greece_1900.xml	Alfred Tennyson
anonyme_heathen-mythology_1842.xml	Anonyme
anonyme_heathen-mythology_1842.xml	G. Moir Bussey
anonyme_heathen-mythology_1842.xml	Dr. Turner
anonyme_heathen-mythology_1842.xml	Laman Blanchard
anonyme_heathen-mythology_1842.xml	Anon.
anonyme_heathen-mythology_1842.xml	Thales
anonyme_heathen-mythology_1842.xml	Thales
anonyme_heathen-mythology_1842.xml	Thales
anonyme_heathen-mythology_1842.xml	Bulwer
anonyme_heathen-mythology_1842.xml	Shakspere
anonyme_heathen-mythology_1842.xml	Shakspere
anonyme_heathen-mythology_1842.xml	Thurlow
anonyme_heathen-mythology_1842.xml	Mrs. Tighe
anonyme_heathen-mythology_1842.xml	Mrs. Tighe
anonyme_heathen-mythology_1842.xml	Tighe
anonyme_heathen-mythology_1842.xml	Bulwer
anonyme_heathen-mythology_1842.xml	Tighe
anonyme_heathen-mythology_1842.xml	Tighe
anonyme_heathen-mythology_1842.xml	Tighe
anonyme_heathen-mythology_1842.xml	Tighe
anonyme_heathen-mythology_1842.xml	Keightley
anonyme_heathen-mythology_1842.xml	Thurlow
anonyme_heathen-mythology_1842.xml	Jennings
anonyme_heathen-mythology_1842.xml	Hervey
anonyme_heathen-mythology_1842.xml	Clarke
anonyme_heathen-mythology_1842.xml	Thurlow
anonyme_heathen-mythology_1842.xml	Phidian
anonyme_heathen-mythology_1842.xml	Democritus
anonyme_heathen-mythology_1842.xml	Mrs. Norton
anonyme_heathen-mythology_1842.xml	Sir W. Jones
anonyme_heathen-mythology_1842.xml	Sir W. Jones
anonyme_heathen-mythology_1842.xml	Madame de Genlis
anonyme_heathen-mythology_1842.xml	Howitt
anonyme_heathen-mythology_1842.xml	Howitt
anonyme_heathen-mythology_1842.xml	an able writer of the present day
anonyme_heathen-mythology_1842.xml	The same authority
anonyme_heathen-mythology_1842.xml	L. E. L.
baude_mythologie-jeunesse_1845.xml	Louis Baude
baude_mythologie-jeunesse_1845.xml	La Fontaine
baude_mythologie-jeunesse_1845.xml	écrivain sacré
baude_mythologie-jeunesse_1845.xml	un auteur latin
baude_mythologie-jeunesse_1845.xml	quelques auteurs
baude_mythologie-jeunesse_1845.xml	
baude_mythologie-jeunesse_1845.xml	
baude_mythologie-jeunesse_1845.xml	un poëte ancien
bertoux_histoire-poetique_1806.xml	Guillaume Bertoux
bertoux_histoire-poetique_1806.xml	
bertoux_histoire-poetique_1806.xml	Molière
bertoux_histoire-poetique_1806.xml	Molière
bertoux_histoire-poetique_1806.xml	Molière
bertoux_histoire-poetique_1806.xml	Th. Corneille
bertoux_histoire-poetique_1806.xml	Th. Corneille
bertoux_histoire-poetique_1806.xml	Th. Corneille
bertoux_histoire-poetique_1806.xml	Crébillon
bertoux_histoire-poetique_1806.xml	Crébillon
bertoux_histoire-poetique_1806.xml	Crébillon
bertoux_histoire-poetique_1806.xml	Th. Corneille
bertoux_histoire-poetique_1806.xml	Th. Corneille
bertoux_histoire-poetique_1806.xml	Crébillon
bertoux_histoire-poetique_1806.xml	Crébillon
bertoux_histoire-poetique_1806.xml	Crébillon
bertoux_histoire-poetique_1806.xml	Th. Corneille
bres_mythologie-dames_1823.xml	Jean-Pierre Brès
bres_mythologie-dames_1823.xml	Phydias
bres_mythologie-dames_1823.xml	Un autre poëte
bres_mythologie-dames_1823.xml	Colardeau
bres_mythologie-dames_1823.xml	Theveneau
bres_mythologie-dames_1823.xml	Un poëte moderne
brunel_cours-mythologie_1800.xml	Joseph Brunel
brunel_cours-mythologie_1800.xml	Anonyme
brunel_cours-mythologie_1800.xml	***
brunel_cours-mythologie_1800.xml	Anonyme
brunel_cours-mythologie_1800.xml	***
brunel_cours-mythologie_1800.xml	Anonyme
brunel_cours-mythologie_1800.xml	René
brunel_cours-mythologie_1800.xml	Richard-Castel
brunel_cours-mythologie_1800.xml	Anonyme
brunel_cours-mythologie_1800.xml	Anonyme
brunel_cours-mythologie_1800.xml	Colardeau
brunel_cours-mythologie_1800.xml	Le Gouvé
brunel_cours-mythologie_1800.xml	Anonyme
brunel_cours-mythologie_1800.xml	Anonyme
brunel_cours-mythologie_1800.xml	Rivery
brunel_cours-mythologie_1800.xml	Dubois-Fontanelle
brunel_cours-mythologie_1800.xml	Palissot
brunel_cours-mythologie_1800.xml	Anonyme
brunel_cours-mythologie_1800.xml	Le Gouvé
brunel_cours-mythologie_1800.xml	***
brunel_cours-mythologie_1800.xml	Anonyme
brunel_cours-mythologie_1800.xml	Anonyme
brunel_cours-mythologie_1800.xml	Colardeau
brunel_cours-mythologie_1800.xml	P. Corneille
brunel_cours-mythologie_1800.xml	Anonyme
brunel_cours-mythologie_1800.xml	Anonyme
brunel_cours-mythologie_1800.xml	d’Arnaud
brunel_cours-mythologie_1800.xml	Crébillon
brunel_cours-mythologie_1800.xml	Quintus, de Smyrne
brunel_cours-mythologie_1800.xml	Colardeau
brunel_cours-mythologie_1800.xml	Lagrange
brunel_cours-mythologie_1800.xml	D ***
brunel_cours-mythologie_1800.xml	Crébillon
brunel_cours-mythologie_1800.xml	Beauharnais
brunel_cours-mythologie_1800.xml	Anonyme
brunel_cours-mythologie_1800.xml	Colardeau
brunel_cours-mythologie_1800.xml	Anonyme
brunel_cours-mythologie_1800.xml	Dellile
brunel_cours-mythologie_1800.xml	Anonyme
brunel_cours-mythologie_1800.xml	Anonyme
brunel_cours-mythologie_1800.xml	Julie. — Laurencin
brunel_cours-mythologie_1800.xml	B.
brunel_cours-mythologie_1800.xml	Anonyme
brunel_cours-mythologie_1800.xml	Gaudin
brunel_cours-mythologie_1800.xml	Brebeuf
brunel_cours-mythologie_1800.xml	Hyacinthe Morel
brunel_cours-mythologie_1800.xml	Paris
brunel_cours-mythologie_1800.xml	Anonyme
brunel_cours-mythologie_1800.xml	Anonyme
brunel_cours-mythologie_1800.xml	Démosthènes
brunel_cours-mythologie_1800.xml	Despréaux
brunel_cours-mythologie_1800.xml	Corneilles
brunel_cours-mythologie_1800.xml	***
brunel_cours-mythologie_1800.xml	de Laurès
brunel_cours-mythologie_1800.xml	Villemain Dabancour
brunel_cours-mythologie_1800.xml	Ciceron
brunel_cours-mythologie_1800.xml	P
brunel_cours-mythologie_1800.xml	C. ***
brunel_cours-mythologie_1800.xml	Pons de Verdun,
brunel_cours-mythologie_1800.xml	Lucilius
brunel_cours-mythologie_1800.xml	Pindares
brunel_cours-mythologie_1800.xml	Saphos
brunel_cours-mythologie_1807.xml	Joseph Brunel
brunel_cours-mythologie_1807.xml	législateur de notre Parnasse
brunel_cours-mythologie_1807.xml	Poëte
brunel_cours-mythologie_1807.xml	notre Euclide
brunel_cours-mythologie_1807.xml	Cygne de Méonie
brunel_cours-mythologie_1807.xml	Laurence
brunel_cours-mythologie_1807.xml	***
brunel_cours-mythologie_1807.xml	Desaintange
brunel_cours-mythologie_1807.xml	Desaintange
brunel_cours-mythologie_1807.xml	Desaintange
brunel_cours-mythologie_1807.xml	Linnée
brunel_cours-mythologie_1807.xml	Le même
brunel_cours-mythologie_1807.xml	Anyte, Citoyenne d’Épidaure
brunel_cours-mythologie_1807.xml	***
brunel_cours-mythologie_1807.xml	La même
brunel_cours-mythologie_1807.xml	Desaintange
brunel_cours-mythologie_1807.xml	Francois de Neufchâteau
brunel_cours-mythologie_1807.xml	Desaintange
brunel_cours-mythologie_1807.xml	Abeilard
brunel_cours-mythologie_1807.xml	Tibule
brunel_cours-mythologie_1807.xml	J. B.
brunel_cours-mythologie_1807.xml	Socrates
brunel_cours-mythologie_1807.xml	Saphos
brunel_cours-mythologie_1807.xml	Desaintange
brunel_cours-mythologie_1807.xml	Desaintange
brunel_cours-mythologie_1807.xml	Colardeau
brunel_cours-mythologie_1807.xml	Le Gouvé
brunel_cours-mythologie_1807.xml	Desaintange
brunel_cours-mythologie_1807.xml	Raboteau
brunel_cours-mythologie_1807.xml	Desaintange
brunel_cours-mythologie_1807.xml	Leblanc-de-Guillet
brunel_cours-mythologie_1807.xml	Desaintange
brunel_cours-mythologie_1807.xml	Desaintange
brunel_cours-mythologie_1807.xml	Palissot
brunel_cours-mythologie_1807.xml	Desaintange
brunel_cours-mythologie_1807.xml	Malfilâtre
brunel_cours-mythologie_1807.xml	Desaintange
brunel_cours-mythologie_1807.xml	Le même
brunel_cours-mythologie_1807.xml	Desaintange
brunel_cours-mythologie_1807.xml	***
brunel_cours-mythologie_1807.xml	L’abbé Roman, d’Avignon
brunel_cours-mythologie_1807.xml	Desaintange
brunel_cours-mythologie_1807.xml	Colardeau
brunel_cours-mythologie_1807.xml	Le même
brunel_cours-mythologie_1807.xml	Desaintange
brunel_cours-mythologie_1807.xml	Parny
brunel_cours-mythologie_1807.xml	peintre de Lavinie
brunel_cours-mythologie_1807.xml	d’Arnaud
brunel_cours-mythologie_1807.xml	Desaintange
brunel_cours-mythologie_1807.xml	Le même
brunel_cours-mythologie_1807.xml	Crébillon
brunel_cours-mythologie_1807.xml	Laharpe
brunel_cours-mythologie_1807.xml	Quintus, de Smyrne
brunel_cours-mythologie_1807.xml	Desaintange
brunel_cours-mythologie_1807.xml	Colardeau
brunel_cours-mythologie_1807.xml	Desaintange
brunel_cours-mythologie_1807.xml	Desaintange
brunel_cours-mythologie_1807.xml	Desaintange
brunel_cours-mythologie_1807.xml	D.
brunel_cours-mythologie_1807.xml	Crébillon
brunel_cours-mythologie_1807.xml	Pétronne
brunel_cours-mythologie_1807.xml	Izoard de Livani
brunel_cours-mythologie_1807.xml	Anacréon
brunel_cours-mythologie_1807.xml	Desaintange
brunel_cours-mythologie_1807.xml	Colardeau
brunel_cours-mythologie_1807.xml	Laharpe
brunel_cours-mythologie_1807.xml	Desaintange
brunel_cours-mythologie_1807.xml	Desaintange
brunel_cours-mythologie_1807.xml	Dellile
brunel_cours-mythologie_1807.xml	Desaintange
brunel_cours-mythologie_1807.xml	Desaintange
brunel_cours-mythologie_1807.xml	Desaintange
brunel_cours-mythologie_1807.xml	Desaintange
brunel_cours-mythologie_1807.xml	Traduction libre
brunel_cours-mythologie_1807.xml	Lafontaine
brunel_cours-mythologie_1807.xml	Desaintange
brunel_cours-mythologie_1807.xml	Desaintange
brunel_cours-mythologie_1807.xml	Arnault
brunel_cours-mythologie_1807.xml	Desaintange
brunel_cours-mythologie_1807.xml	Lafontaine
brunel_cours-mythologie_1807.xml	Desaintange
brunel_cours-mythologie_1807.xml	Desaintange
brunel_cours-mythologie_1807.xml	Desaintange
brunel_cours-mythologie_1807.xml	Desaintange
brunel_cours-mythologie_1807.xml	B.
brunel_cours-mythologie_1807.xml	Le même
brunel_cours-mythologie_1807.xml	Desaintange
brunel_cours-mythologie_1807.xml	Brebeuf
brunel_cours-mythologie_1807.xml	Desaintange
brunel_cours-mythologie_1807.xml	Hermite, de Maillane
brunel_cours-mythologie_1807.xml	Paris
brunel_cours-mythologie_1807.xml	Desaintange
brunel_cours-mythologie_1807.xml	Le même
brunel_cours-mythologie_1807.xml	Le même
brunel_cours-mythologie_1807.xml	Charles Chênedollé
brunel_cours-mythologie_1807.xml	d’Arnaud
brunel_cours-mythologie_1807.xml	Anacréon
brunel_cours-mythologie_1807.xml	Démosthènes
brunel_cours-mythologie_1807.xml	Despréaux
brunel_cours-mythologie_1807.xml	Corneilles
brunel_cours-mythologie_1807.xml	J. B. de Saint-Victor
brunel_cours-mythologie_1807.xml	***
brunel_cours-mythologie_1807.xml	vieillard d’Ascrée
brunel_cours-mythologie_1807.xml	Villemain Dabancour
brunel_cours-mythologie_1807.xml	Brunel, d’Amiens
brunel_cours-mythologie_1807.xml	Pétronne
brunel_cours-mythologie_1807.xml	Arouet
brunel_cours-mythologie_1807.xml	Esope
brunel_cours-mythologie_1807.xml	Phèdre
brunel_cours-mythologie_1807.xml	P.
brunel_cours-mythologie_1807.xml	C. ***
brunel_cours-mythologie_1807.xml	Le même
brunel_cours-mythologie_1807.xml	Lucilius
brunel_cours-mythologie_1807.xml	Pindares
brunel_cours-mythologie_1807.xml	Saphos
bulfinch_age-of-fable_1855.xml	Smith
bulfinch_age-of-fable_1855.xml	Shakspeare
bulfinch_age-of-fable_1855.xml	Armstrong
bulfinch_age-of-fable_1855.xml	Mickle
bulfinch_age-of-fable_1855.xml	Shakspeare
bulfinch_age-of-fable_1855.xml	Walter Savage Landor
bulfinch_age-of-fable_1855.xml	Albano
bulfinch_age-of-fable_1855.xml	S. G.
bulfinch_age-of-fable_1855.xml	B.
bulfinch_age-of-fable_1855.xml	Phillips
bulfinch_age-of-fable_1855.xml	Phillips
bulfinch_age-of-fable_1855.xml	T. K. Harvey
bulfinch_age-of-fable_1855.xml	Sir James Mackintosh
bulfinch_age-of-fable_1855.xml	Sir Richard Blackmore
bulfinch_age-of-fable_1855.xml	Sir Richard Blackmore
bulfinch_age-of-fable_1855.xml	Armstrong
bulfinch_age-of-fable_1855.xml	Shakspeare
bulfinch_age-of-fable_1855.xml	Crawford
bulfinch_age-of-fable_1855.xml	Shakspeare
bulfinch_age-of-fable_1855.xml	Mrs. E. Barrett Browning
bulfinch_age-of-fable_1855.xml	Armstrong
bulfinch_age-of-fable_1855.xml	Dr. Young
bulfinch_age-of-fable_1855.xml	Mrs. Jameson
bulfinch_age-of-fable_1855.xml	Shakspeare
bulfinch_age-of-fable_1855.xml	Schlegel
bulfinch_age-of-fable_1855.xml	S. G. B.
bulfinch_age-of-fable_1855.xml	Dr. Young
bulfinch_age-of-fable_1855.xml	Fenelon
bulfinch_age-of-fable_1855.xml	Shakspeare
bulfinch_age-of-fable_1855.xml	Shakspeare
bulfinch_age-of-fable_1855.xml	the same poet’s
bulfinch_age-of-fable_1855.xml	Mantuan swan
bulfinch_age-of-fable_1855.xml	A late writer
bulfinch_age-of-fable_1855.xml	Sir Thomas Browne
bulfinch_age-of-fable_1855.xml	Alexander Ross
bulfinch_age-of-fable_1855.xml	Shakspeare
bulfinch_age-of-fable_1855.xml	Galen
bulfinch_age-of-fable_1855.xml	Avicenna
bulfinch_age-of-fable_1855.xml	Scaliger
bulfinch_age-of-fable_1855.xml	Jonston
bulfinch_age-of-fable_1855.xml	Aldrovandus
bulfinch_age-of-fable_1855.xml	Signor Cellini
bulfinch_age-of-fable_1855.xml	Dr. Young
bulfinch_age-of-fable_1855.xml	Pedro Covilham
bulfinch_age-of-fable_1855.xml	Carlyle
bulfinch_age-of-fable_1855.xml	Caesar
bulfinch_age-of-fable_1855.xml	Sir Walter Scott
bulfinch_age-of-fable_1855.xml	Roman writers
bulfinch_age-of-fable_1855.xml	Pennant
bulfinch_age-of-fable_1855.xml	Pennant
bulfinch_age-of-fable_1855.xml	Johnson
darlington_catechism-mythology_1832.xml	William Darlington
darlington_catechism-mythology_1832.xml	Mercury Trismegistus
darlington_catechism-mythology_1832.xml	Democritus
darlington_catechism-mythology_1832.xml	a celebrated Roman architect
darlington_catechism-mythology_1832.xml	the poet
darlington_catechism-mythology_1832.xml	Julius Cæsar
darlington_catechism-mythology_1832.xml	an eminent Grecian scholar
darlington_catechism-mythology_1832.xml	Taylor
drioux_precis-elementaire_1850.xml	Claude-Joseph Drioux
drioux_precis-elementaire_1850.xml	
drioux_precis-elementaire_1850.xml	
drioux_precis-elementaire_1850.xml	
drioux_precis-elementaire_1850.xml	
drioux_precis-elementaire_1850.xml	Cantu
drioux_precis-elementaire_1850.xml	Clément d’Alexandrie
drioux_precis-elementaire_1850.xml	
drioux_precis-elementaire_1850.xml	saint Cyprien
drioux_precis-elementaire_1850.xml	Jérémie
drioux_precis-elementaire_1850.xml	
drioux_precis-elementaire_1850.xml	
drioux_precis-elementaire_1850.xml	
edom_mythologie-elementaire_1883.xml	Jacques Édom
edom_mythologie-elementaire_1883.xml	
edom_mythologie-elementaire_1883.xml	
edom_mythologie-elementaire_1883.xml	
edom_mythologie-elementaire_1883.xml	
edom_mythologie-elementaire_1883.xml	
edom_mythologie-elementaire_1883.xml	
edom_mythologie-elementaire_1883.xml	J.-B. Rousseau
edom_mythologie-elementaire_1883.xml	.-B. Rousseau
edom_mythologie-elementaire_1883.xml	
edom_mythologie-elementaire_1883.xml	
edom_mythologie-elementaire_1883.xml	
edom_mythologie-elementaire_1883.xml	Racine fils
edom_mythologie-elementaire_1883.xml	
edom_mythologie-elementaire_1883.xml	
edom_mythologie-elementaire_1883.xml	L. Racine
edom_mythologie-elementaire_1883.xml	J. Racine
edom_mythologie-elementaire_1883.xml	
edom_mythologie-elementaire_1883.xml	Bouchardon
edom_mythologie-elementaire_1883.xml	L. Racine
edom_mythologie-elementaire_1883.xml	Eugène Burnouf
edom_mythologie-elementaire_1883.xml	Casimir Delavigne
edom_mythologie-elementaire_1883.xml	Sœmund Sigfuson
edom_mythologie-elementaire_1883.xml	Snorro Sturleson
edwards_hand-book-mythology_1883.xml	S. A. Edwards
edwards_hand-book-mythology_1883.xml	Berens
edwards_hand-book-mythology_1883.xml	Brinton
edwards_hand-book-mythology_1883.xml	Seemann
edwards_hand-book-mythology_1883.xml	Keightley
edwards_hand-book-mythology_1883.xml	Fiske
edwards_hand-book-mythology_1883.xml	Seemann
edwards_hand-book-mythology_1883.xml	Seemann
edwards_hand-book-mythology_1883.xml	Seemann
edwards_hand-book-mythology_1883.xml	Berens
edwards_hand-book-mythology_1883.xml	Lucille
edwards_hand-book-mythology_1883.xml	Fiske
edwards_hand-book-mythology_1883.xml	Seemann
edwards_hand-book-mythology_1883.xml	Berens
edwards_hand-book-mythology_1883.xml	Seemann
edwards_hand-book-mythology_1883.xml	Seemann
edwards_hand-book-mythology_1883.xml	T. K. Hervey
edwards_hand-book-mythology_1883.xml	Seemann
edwards_hand-book-mythology_1883.xml	Dwight
edwards_hand-book-mythology_1883.xml	Seemann
edwards_hand-book-mythology_1883.xml	Seemann
edwards_hand-book-mythology_1883.xml	Berens
edwards_hand-book-mythology_1883.xml	Seemann
edwards_hand-book-mythology_1883.xml	Berens
edwards_hand-book-mythology_1883.xml	Berens
edwards_hand-book-mythology_1883.xml	Seemann
edwards_hand-book-mythology_1883.xml	Berens
edwards_hand-book-mythology_1883.xml	Berens
edwards_hand-book-mythology_1883.xml	Seemann
edwards_hand-book-mythology_1883.xml	Buttmann
edwards_hand-book-mythology_1883.xml	Seemann
edwards_hand-book-mythology_1883.xml	Bullfinch
edwards_hand-book-mythology_1883.xml	Carlyle
edwards_hand-book-mythology_1883.xml	Roman writers
edwards_hand-book-mythology_1883.xml	Pennant
edwards_hand-book-mythology_1883.xml	The same author
edwards_hand-book-mythology_1883.xml	Cæsar
edwards_hand-book-mythology_1883.xml	Fiske
edwards_hand-book-mythology_1883.xml	Perrot
edwards_hand-book-mythology_1883.xml	Brinton
edwards_hand-book-mythology_1883.xml	Captain Argoll
edwards_hand-book-mythology_1883.xml	Schoolcraft
edwards_hand-book-mythology_1883.xml	Tanner
edwards_hand-book-mythology_1883.xml	Brinton
edwards_hand-book-mythology_1883.xml	Fiske
ellis_youths_dictionary_1895-1.xml	Edward S. Ellis
ellis_youths_dictionary_1895-1.xml	Wm. Morris
ellis_youths_dictionary_1895-1.xml	Sir John Denham
ellis_youths_dictionary_1895-1.xml	Euclid
engrand_lecons-elementaires_1815.xml	Henri Engrand
engrand_lecons-elementaires_1815.xml	Molière
engrand_lecons-elementaires_1815.xml	Despréaux
engrand_lecons-elementaires_1815.xml	Molière
engrand_lecons-elementaires_1815.xml	Un Poëte
engrand_lecons-elementaires_1815.xml	Un Poëte célèbre
engrand_lecons-elementaires_1815.xml	Molière
engrand_lecons-elementaires_1815.xml	De la Fosse
engrand_lecons-elementaires_1815.xml	T. Corneille
engrand_lecons-elementaires_1815.xml	P. Corneille
engrand_lecons-elementaires_1815.xml	Aussonne
engrand_lecons-elementaires_1815.xml	T. Corneille
engrand_lecons-elementaires_1815.xml	Phrygien
engrand_lecons-elementaires_1815.xml	Ésope
engrand_lecons-elementaires_1815.xml	notre Auteur
engrand_lecons-elementaires_1815.xml	La Font.
engrand_lecons-elementaires_1815.xml	Un autre Poëte
engrand_lecons-elementaires_1815.xml	Sanlec.
engrand_lecons-elementaires_1815.xml	La Font.
engrand_lecons-elementaires_1815.xml	La Font.
engrand_lecons-elementaires_1815.xml	La Font.
engrand_lecons-elementaires_1815.xml	La Font.
engrand_lecons-elementaires_1815.xml	La Font.
engrand_lecons-elementaires_1815.xml	La Font.
engrand_lecons-elementaires_1815.xml	La Font.
engrand_lecons-elementaires_1815.xml	La Font.
engrand_lecons-elementaires_1815.xml	Idem
engrand_lecons-elementaires_1815.xml	La Font.
engrand_lecons-elementaires_1815.xml	La Font.
engrand_lecons-elementaires_1815.xml	La Font.
engrand_lecons-elementaires_1815.xml	La Font.
engrand_lecons-elementaires_1815.xml	La Font.
engrand_lecons-elementaires_1815.xml	La Font.
engrand_lecons-elementaires_1815.xml	La Font.
engrand_lecons-elementaires_1815.xml	La Font.
engrand_lecons-elementaires_1815.xml	La Font.
engrand_lecons-elementaires_1815.xml	La Font.
engrand_lecons-elementaires_1815.xml	Richer
engrand_lecons-elementaires_1815.xml	La Font.
engrand_lecons-elementaires_1815.xml	Le Noble
engrand_lecons-elementaires_1815.xml	De Lamotte
engrand_lecons-elementaires_1815.xml	La Font.
engrand_lecons-elementaires_1815.xml	Aristote
engrand_lecons-elementaires_1815.xml	Aristote
engrand_lecons-elementaires_1815.xml	Richer
engrand_lecons-elementaires_1815.xml	La Font.
engrand_lecons-elementaires_1815.xml	Fable du Léopard et du Singe
engrand_lecons-elementaires_1815.xml	Charès de Lynde
gayley_classic-myths_1898.xml	E. C. Guild
gayley_classic-myths_1898.xml	G. W. Cox
gayley_classic-myths_1898.xml	Smith
gayley_classic-myths_1898.xml	Duruy
gayley_classic-myths_1898.xml	Keightley
gayley_classic-myths_1898.xml	Kelsey
gayley_classic-myths_1898.xml	Horn
gayley_classic-myths_1898.xml	Lüning
gayley_classic-myths_1898.xml	Tylor
gayley_classic-myths_1898.xml	J. W. Powell
gayley_classic-myths_1898.xml	Keary
gayley_classic-myths_1898.xml	Fiske
gayley_classic-myths_1898.xml	Whitney
gayley_classic-myths_1898.xml	F. B. Jevons
gayley_classic-myths_1898.xml	C. G. Leland
gayley_classic-myths_1898.xml	J. W. Powell
gayley_classic-myths_1898.xml	Kiepert
gayley_classic-myths_1898.xml	A. Keith Johnston
gayley_classic-myths_1898.xml	Dr. Johnson
gayley_classic-myths_1898.xml	Mr. Jasper
gayley_classic-myths_1898.xml	Payne Knight
gayley_classic-myths_1898.xml	Tylor
gayley_classic-myths_1898.xml	Tylor
gayley_classic-myths_1898.xml	T. C. Johnston
gayley_classic-myths_1898.xml	Walter Pater
gayley_classic-myths_1898.xml	F. W. Horn
gayley_classic-myths_1898.xml	Lüning
gayley_classic-myths_1898.xml	Morley
gayley_classic-myths_1898.xml	Bryniolf
gayley_classic-myths_1898.xml	Magnusson
gayley_classic-myths_1898.xml	Horn
gayley_classic-myths_1898.xml	Earl Derby
gayley_classic-myths_1898.xml	Myer
gayley_classic-myths_1898.xml	Mrs. Browning
gayley_classic-myths_1898.xml	Wælcken
gayley_classic-myths_1898.xml	Keil
gayley_classic-myths_1898.xml	Keat
gayley_classic-myths_1898.xml	O. Jahn
gayley_classic-myths_1898.xml	S. G. Bulfinch
gayley_classic-myths_1898.xml	Carlyle
gayley_classic-myths_1898.xml	George Eliot
gayley_classic-myths_1898.xml	J. S. Blackie
gayley_classic-myths_1898.xml	T. A. Bucklie
gayley_classic-myths_1898.xml	E. D. A. Morshead
gayley_classic-myths_1898.xml	Thos. Dale
gayley_classic-myths_1898.xml	R. Whitelaw
gayley_classic-myths_1898.xml	Lewis Campbell
gayley_classic-myths_1898.xml	T. A. Bucklie
gayley_classic-myths_1898.xml	W. L. Collins
gayley_classic-myths_1898.xml	Walter Pater
gayley_classic-myths_1898.xml	H. King
gayley_classic-myths_1898.xml	Morley
gayley_classic-myths_1898.xml	George Stephens
gayley_classic-myths_1898.xml	Vilmar
gayley_classic-myths_1898.xml	Ludlow
gayley_classic-myths_1898.xml	George T. Dippold
gayley_classic-myths_1898.xml	Budge
gayley_classic-myths_1898.xml	Miss A. B. Edwards
gayley_classic-myths_1898.xml	Weber
gayley_classic-myths_1898.xml	H. H. Wilson
gayley_classic-myths_1898.xml	Muir
gayley_classic-myths_1898.xml	J. Freeman Clarke
gayley_classic-myths_1898.xml	E. A. Reed
gayley_classic-myths_1898.xml	W. Ward
gayley_classic-myths_1898.xml	Arnold
gayley_classic-myths_1898.xml	J. Freeman Clarke
gayley_classic-myths_1898.xml	Johnson
gayley_classic-myths_1898.xml	H. Coleridge
gayley_classic-myths_1898.xml	Mrs. Browning
gayley_classic-myths_1898.xml	Thos. Woolner
gayley_classic-myths_1898.xml	J. A. Wiertz
gayley_classic-myths_1898.xml	Armstrong
gayley_classic-myths_1898.xml	Paolo Veronese
gayley_classic-myths_1898.xml	E. Arnold
gayley_classic-myths_1898.xml	H. K. White
gayley_classic-myths_1898.xml	Jules Lefebvre
gayley_classic-myths_1898.xml	Veronese
gayley_classic-myths_1898.xml	Sir T. Martin
gayley_classic-myths_1898.xml	Francesco Albani
gayley_classic-myths_1898.xml	Van Dyck
gayley_classic-myths_1898.xml	Thomas Lodge
gayley_classic-myths_1898.xml	T. Moore
gayley_classic-myths_1898.xml	Ary Scheffer
gayley_classic-myths_1898.xml	N. Schiavoni
gayley_classic-myths_1898.xml	Edith M. Thomas
gayley_classic-myths_1898.xml	S. Rogers
gayley_classic-myths_1898.xml	M. Arnold
gayley_classic-myths_1898.xml	Mrs. H. H. Jackson
gayley_classic-myths_1898.xml	C. Gleyre
gayley_classic-myths_1898.xml	L. Morris
gayley_classic-myths_1898.xml	Lorenzo Bernini
gayley_classic-myths_1898.xml	P. Schobelt
gayley_classic-myths_1898.xml	L. Morris
gayley_classic-myths_1898.xml	H. K. White
gayley_classic-myths_1898.xml	
gayley_classic-myths_1898.xml	Armstrong
gayley_classic-myths_1898.xml	Hawthorne
gayley_classic-myths_1898.xml	H. D. Müller
gayley_classic-myths_1898.xml	L. J. Richardson
gayley_classic-myths_1898.xml	Teignmouth
gayley_classic-myths_1898.xml	Armstrong
gayley_classic-myths_1898.xml	R. Browning
gayley_classic-myths_1898.xml	Edith M. Thomas
gayley_classic-myths_1898.xml	M. Arnold
gayley_classic-myths_1898.xml	L. Morris
gayley_classic-myths_1898.xml	Edith M. Thomas
gayley_classic-myths_1898.xml	L. Morris
gayley_classic-myths_1898.xml	L. Morris
gayley_classic-myths_1898.xml	L. Morris
gayley_classic-myths_1898.xml	Mrs. Browning
gayley_classic-myths_1898.xml	L. Morris
gayley_classic-myths_1898.xml	François Gerard
gayley_classic-myths_1898.xml	R. Beyschlag
gayley_classic-myths_1898.xml	W. Kray
gayley_classic-myths_1898.xml	W. Morris
gayley_classic-myths_1898.xml	T. L. Beddoes
gayley_classic-myths_1898.xml	W. C. Bennett
gayley_classic-myths_1898.xml	Surrey
gayley_classic-myths_1898.xml	Mickle
gayley_classic-myths_1898.xml	E. J. Paupion
gayley_classic-myths_1898.xml	O. Müller
gayley_classic-myths_1898.xml	Lobeck
gayley_classic-myths_1898.xml	T. L. Beddoes
gayley_classic-myths_1898.xml	N. L. Frothingham
gayley_classic-myths_1898.xml	P. Schobelt
gayley_classic-myths_1898.xml	Curtin
gayley_classic-myths_1898.xml	L. Morris
gayley_classic-myths_1898.xml	L. Morris
gayley_classic-myths_1898.xml	F. Forster
gayley_classic-myths_1898.xml	F. Tennyson
gayley_classic-myths_1898.xml	Edith M. Thomas
gayley_classic-myths_1898.xml	Stedman
gayley_classic-myths_1898.xml	Hon. Roden Noel
gayley_classic-myths_1898.xml	Mrs. Browning
gayley_classic-myths_1898.xml	Mrs. Browning
gayley_classic-myths_1898.xml	Hawthorne
gayley_classic-myths_1898.xml	L. Morris
gayley_classic-myths_1898.xml	Mrs. Browning
gayley_classic-myths_1898.xml	J. S. Blackie
gayley_classic-myths_1898.xml	Curtin
gayley_classic-myths_1898.xml	Curtin
gayley_classic-myths_1898.xml	W. C. Bryant
gayley_classic-myths_1898.xml	Armstrong
gayley_classic-myths_1898.xml	L. Morris
gayley_classic-myths_1898.xml	L. Morris
gayley_classic-myths_1898.xml	W. Morris
gayley_classic-myths_1898.xml	S. Rogers
gayley_classic-myths_1898.xml	L. Morris
gayley_classic-myths_1898.xml	R. Whitelaw
gayley_classic-myths_1898.xml	M. Arnold
gayley_classic-myths_1898.xml	C. G. Gleyre
gayley_classic-myths_1898.xml	W. Morris
gayley_classic-myths_1898.xml	A. Pisano
gayley_classic-myths_1898.xml	M. Arnold
gayley_classic-myths_1898.xml	Sir Thos. Noon Talfourd
gayley_classic-myths_1898.xml	Mrs. Browning
gayley_classic-myths_1898.xml	J. S. Blackie
gayley_classic-myths_1898.xml	Mrs. H. H. Jackson
gayley_classic-myths_1898.xml	M. P. Fitzgerald
gayley_classic-myths_1898.xml	L. Morris
gayley_classic-myths_1898.xml	J. S. Blackie
gayley_classic-myths_1898.xml	E. Fitzgerald
gayley_classic-myths_1898.xml	M. Arnold
gayley_classic-myths_1898.xml	J. S. Blackie
gayley_classic-myths_1898.xml	J. S. Blackie
gayley_classic-myths_1898.xml	E. Fitzgerald
gayley_classic-myths_1898.xml	Mrs. Browning
gayley_classic-myths_1898.xml	W. Morris
gayley_classic-myths_1898.xml	L. Morris
gayley_classic-myths_1898.xml	L. Morris
gayley_classic-myths_1898.xml	W. Morris
gayley_classic-myths_1898.xml	M. Arnold
gayley_classic-myths_1898.xml	L. Morris
gayley_classic-myths_1898.xml	L. Morris
gayley_classic-myths_1898.xml	R. B. Anderson
gayley_classic-myths_1898.xml	Anderson
gayley_classic-myths_1898.xml	Horn
gayley_classic-myths_1898.xml	Dasent
gayley_classic-myths_1898.xml	Thorpe
gayley_classic-myths_1898.xml	Augusta Larned
gayley_classic-myths_1898.xml	H. W. Mabie
gayley_classic-myths_1898.xml	Sophus Bugge
gayley_classic-myths_1898.xml	Anderson
gayley_classic-myths_1898.xml	Sydney Dobell
gayley_classic-myths_1898.xml	Hon. Roden Noel
gayley_classic-myths_1898.xml	Motherwell
gayley_classic-myths_1898.xml	James Sime
gayley_classic-myths_1898.xml	Dr. W. Jordan
gayley_classic-myths_1898.xml	Schnorr von Carolsfeld
gayley_classic-myths_1898.xml	J. Hoffmann
gayley_classic-myths_1898.xml	Æs′chylus
gayley_classic-myths_1898.xml	Æ′sop
gayley_classic-myths_1898.xml	Alcæ′us
gayley_classic-myths_1898.xml	Apel′les
gayley_classic-myths_1898.xml	Apollodo′rus
gayley_classic-myths_1898.xml	Apollo′nius (of Rhodes)
gayley_classic-myths_1898.xml	Apule′ius
gayley_classic-myths_1898.xml	St. Paul
gayley_classic-myths_1898.xml	Aristoph′a-nes
gayley_classic-myths_1898.xml	M. Arn.
gayley_classic-myths_1898.xml	Id
gayley_classic-myths_1898.xml	Bi′on
gayley_classic-myths_1898.xml	Catul′lus
gayley_classic-myths_1898.xml	Cic′ero
gayley_classic-myths_1898.xml	Thos. Moore
gayley_classic-myths_1898.xml	T. K. Hervey
gayley_classic-myths_1898.xml	Ep-imen′i-des
gayley_classic-myths_1898.xml	Euhem′erus
gayley_classic-myths_1898.xml	Eurip′i-des
gayley_classic-myths_1898.xml	Herod′otus
gayley_classic-myths_1898.xml	He′siod
gayley_classic-myths_1898.xml	Ho′mer
gayley_classic-myths_1898.xml	Hy-gi′nus
gayley_classic-myths_1898.xml	Ib′ycus
gayley_classic-myths_1898.xml	Lu′cian
gayley_classic-myths_1898.xml	Manil′ius
gayley_classic-myths_1898.xml	Ma′ro
gayley_classic-myths_1898.xml	Me-ne′nius
gayley_classic-myths_1898.xml	Mos′chus
gayley_classic-myths_1898.xml	Mu-sæ′us
gayley_classic-myths_1898.xml	My′ron
gayley_classic-myths_1898.xml	Ov′id
gayley_classic-myths_1898.xml	Mrs. Browning
gayley_classic-myths_1898.xml	Pausa′nias
gayley_classic-myths_1898.xml	Phæ′drus
gayley_classic-myths_1898.xml	Phid′ias
gayley_classic-myths_1898.xml	Pin′dar
gayley_classic-myths_1898.xml	Polycli′tus
gayley_classic-myths_1898.xml	Praxit′e-les
gayley_classic-myths_1898.xml	Prod′icus of Chios
gayley_classic-myths_1898.xml	Proper′tius
gayley_classic-myths_1898.xml	Pseu′do-Musæ′us
gayley_classic-myths_1898.xml	Py-thag′oras
gayley_classic-myths_1898.xml	Sco′pas
gayley_classic-myths_1898.xml	Sen′eca
gayley_classic-myths_1898.xml	Simon′i-des of Ceos
gayley_classic-myths_1898.xml	Soph′o-cles
gayley_classic-myths_1898.xml	Sta′tius
gayley_classic-myths_1898.xml	Stesich′orus
gayley_classic-myths_1898.xml	Theag′e-nes of Rhegium
gayley_classic-myths_1898.xml	Theoc′ritus
gayley_classic-myths_1898.xml	Thucyd′i-des
gayley_classic-myths_1898.xml	Tibul′lus
gayley_classic-myths_1898.xml	M. Arnold
gayley_classic-myths_1898.xml	Vale′rius Flaccus
gayley_classic-myths_1898.xml	Wagner
gayley_classic-myths_1898.xml	Ver′gil
gayley_classic-myths_1898.xml	Zeux′is
gayley_classic-myths_1898.xml	Horn
gayley_classic-myths_1898.xml	Bennett, W. C.
gayley_classic-myths_1898.xml	Beyschlag, J. R.
gayley_classic-myths_1898.xml	Blackie, J. S.
gayley_classic-myths_1898.xml	Bordone, Paris
gayley_classic-myths_1898.xml	Bryant, W. C.
gayley_classic-myths_1898.xml	Bulfinch, S. G.
gayley_classic-myths_1898.xml	Coleridge, S. T.
gayley_classic-myths_1898.xml	Collins, W. L.
gayley_classic-myths_1898.xml	Cox, the Rev. Sir G. W.
gayley_classic-myths_1898.xml	Edwards, Miss A. B.
gayley_classic-myths_1898.xml	Fitzgerald, M. P.
gayley_classic-myths_1898.xml	Gérard, François
gayley_classic-myths_1898.xml	, Guy
gayley_classic-myths_1898.xml	Johnston, T. C.
gayley_classic-myths_1898.xml	Camoens
gayley_classic-myths_1898.xml	Motherwell, W.
gayley_classic-myths_1898.xml	Müller, H. D.
gayley_classic-myths_1898.xml	Richardson, L. J.
gayley_classic-myths_1898.xml	S. G. Bulfinch
gayley_classic-myths_1898.xml	S. G. Bulfinch
gayley_classic-myths_1898.xml	Teignmouth
gayley_classic-myths_1898.xml	Thomas, Edith M.
gayley_classic-myths_1898.xml	Rowe
gayley_classic-myths_1898.xml	Lewis
gayley_classic-myths_1898.xml	Cooke
gayley_classic-myths_1898.xml	Turchi, Alessandro (l
gayley_classic-myths_1898.xml	Orbetto)
gayley_classic-myths_1898.xml	Turner, J. M. W.
gayley_classic-myths_1898.xml	F. Y. Powell
genlis_arabesques-mythologiques-01_1810.xml	Madame de Genlis
genlis_arabesques-mythologiques-01_1810.xml	Chompré
genlis_arabesques-mythologiques-01_1810.xml	Noël
genlis_arabesques-mythologiques-01_1810.xml	Epictète
genlis_arabesques-mythologiques-01_1810.xml	L’auteur d’Anacharsis
genlis_arabesques-mythologiques-01_1810.xml	Diodore de Sicil
genlis_arabesques-mythologiques-02_1810.xml	Madame de Genlis
genlis_arabesques-mythologiques-02_1810.xml	Guymond de la Touche
genlis_arabesques-mythologiques-02_1810.xml	Appelles
genlis_arabesques-mythologiques-02_1810.xml	Duc de Buckingham
genlis_arabesques-mythologiques-02_1810.xml	J. B. de l’Académie française
genlis_arabesques-mythologiques-02_1810.xml	Racine fils
geruzez_petit-cours-mythologie_1869.xml	Eugène Géruzez
geruzez_petit-cours-mythologie_1869.xml	Eugène Géruzez
geruzez_petit-cours-mythologie_1869.xml	Geruzez
geruzez_petit-cours-mythologie_1869.xml	
geruzez_petit-cours-mythologie_1869.xml	
geruzez_petit-cours-mythologie_1869.xml	
geruzez_petit-cours-mythologie_1869.xml	
geruzez_petit-cours-mythologie_1869.xml	
geruzez_petit-cours-mythologie_1869.xml	
geruzez_petit-cours-mythologie_1869.xml	
guerber_myths_1909.xml	H. A. Guerber
guerber_myths_1909.xml	H. King
guerber_myths_1909.xml	R. C. Jebb
guerber_myths_1909.xml	Mrs. Browning
guerber_myths_1909.xml	C. Pitt
guerber_myths_1909.xml	E. R. Sill
guerber_myths_1909.xml	C. Pitt
guerber_myths_1909.xml	C. Pitt
guerber_myths_1909.xml	W. H. Appleton
hort_new-pantheon_1836.xml	William Jillard Hort
hort_new-pantheon_1836.xml	Maurice
hort_new-pantheon_1836.xml	Faber
hort_new-pantheon_1836.xml	Rowe
humbert_mythologie_1847.xml	Jean Humbert
kupfer_stories-of-long-ago_1897.xml	Grace H. Kupfer
kupfer_stories-of-long-ago_1897.xml	Phœbe Cary
kupfer_stories-of-long-ago_1897.xml	William Cullen Bryant
kupfer_stories-of-long-ago_1897.xml	Fitz-Greene Halleck
kupfer_stories-of-long-ago_1897.xml	William C. Bryant
kupfer_stories-of-long-ago_1897.xml	Felicia Hemans
kupfer_stories-of-long-ago_1897.xml	James Russell Lowell
kupfer_stories-of-long-ago_1897.xml	Alfred Tennyson
kupfer_stories-of-long-ago_1897.xml	Walter Scott
kupfer_stories-of-long-ago_1897.xml	William Shakspeare
kupfer_stories-of-long-ago_1897.xml	Francis W. Bourdillon
kupfer_stories-of-long-ago_1897.xml	Alfred Tennyson
kupfer_stories-of-long-ago_1897.xml	Henry Wadsworth Longfellow
kupfer_stories-of-long-ago_1897.xml	Mary Howitt
kupfer_stories-of-long-ago_1897.xml	Adelaide Anne Procter
kupfer_stories-of-long-ago_1897.xml	Phœbe Cary
kupfer_stories-of-long-ago_1897.xml	Percy Bysshe Shelley
kupfer_stories-of-long-ago_1897.xml	Henry Wadsworth Longfellow
kupfer_stories-of-long-ago_1897.xml	Phœbe Cary
kupfer_stories-of-long-ago_1897.xml	Henry Wadsworth Longfellow
kupfer_stories-of-long-ago_1897.xml	Fitz-Greene Halleck
kupfer_stories-of-long-ago_1897.xml	Henry Wadsworth Longfellow
kupfer_stories-of-long-ago_1897.xml	Christopher Marlowe
letellier_manuel-mythologique_1812.xml	Charles-Constant Letellier
letellier_manuel-mythologique_1812.xml	J.-B. Rousseau
letellier_manuel-mythologique_1812.xml	Saintange
letellier_manuel-mythologique_1812.xml	Saintange
letellier_manuel-mythologique_1812.xml	J.-B. Rousseau
letellier_manuel-mythologique_1812.xml	Saintange
letellier_manuel-mythologique_1812.xml	madame Deshoulières
letellier_manuel-mythologique_1812.xml	Saintange
letellier_manuel-mythologique_1812.xml	Saintange
letellier_manuel-mythologique_1812.xml	Saintange
letellier_manuel-mythologique_1812.xml	Saintange
letellier_manuel-mythologique_1812.xml	Saintange
letellier_manuel-mythologique_1812.xml	M. Delille
letellier_manuel-mythologique_1812.xml	Saintange
letellier_manuel-mythologique_1812.xml	Saintange
letellier_manuel-mythologique_1812.xml	Saintange
letellier_manuel-mythologique_1812.xml	De la Fosse
letellier_manuel-mythologique_1812.xml	Saintange
letellier_manuel-mythologique_1812.xml	Saintange
letellier_manuel-mythologique_1812.xml	De Longepierre
letellier_manuel-mythologique_1812.xml	P. Corneille
letellier_manuel-mythologique_1812.xml	De la Fosse
letellier_manuel-mythologique_1812.xml	Brébœuf
letellier_manuel-mythologique_1812.xml	Crébillon
letellier_manuel-mythologique_1812.xml	le même poëte
letellier_manuel-mythologique_1812.xml	Saintange
letellier_manuel-mythologique_1812.xml	Saintange
letellier_manuel-mythologique_1812.xml	Le même poëte
letellier_manuel-mythologique_1812.xml	Crébillon
letellier_manuel-mythologique_1812.xml	auteur de Télémaque
letellier_manuel-mythologique_1812.xml	Crébillon
letellier_manuel-mythologique_1812.xml	Luce de Lancival
letellier_manuel-mythologique_1812.xml	Ausone
letellier_manuel-mythologique_1812.xml	Métagène
letellier_manuel-mythologique_1812.xml	Marmontel
letellier_manuel-mythologique_1812.xml	Ésope
letellier_manuel-mythologique_1812.xml	Phèdre
letellier_manuel-mythologique_1812.xml	Ésope
letellier_manuel-mythologique_1812.xml	Raphaël
letellier_manuel-mythologique_1812.xml	Michel-Ange
letellier_manuel-mythologique_1812.xml	Philippon de la Madeleine
letellier_manuel-mythologique_1812.xml	Lacepède
letellier_manuel-mythologique_1812.xml	auteur du Comte de Valmont
letellier_manuel-mythologique_1812.xml	Un auteur espagnol
letellier_manuel-mythologique_1812.xml	Molière
letellier_manuel-mythologique_1812.xml	J. J. Rousseau
letellier_manuel-mythologique_1812.xml	Montesquieu
letellier_manuel-mythologique_1812.xml	Madame de Lambert
letellier_manuel-mythologique_1812.xml	Mme de Lambert
letellier_manuel-mythologique_1812.xml	Locke
letellier_manuel-mythologique_1812.xml	un sage de l’antiquité
letellier_manuel-mythologique_1812.xml	Locke
letellier_manuel-mythologique_1812.xml	madame de Lambert
letellier_manuel-mythologique_1812.xml	madame Deshoulières
letellier_manuel-mythologique_1812.xml	La Thuilerie
letellier_manuel-mythologique_1812.xml	Arnault
letellier_manuel-mythologique_1812.xml	Le même poëte
letellier_manuel-mythologique_1812.xml	Chénier
letellier_manuel-mythologique_1812.xml	Molière
letellier_manuel-mythologique_1812.xml	Lacepède
letellier_manuel-mythologique_1812.xml	Piron
letellier_manuel-mythologique_1812.xml	Madame Deshoulières
letellier_manuel-mythologique_1812.xml	madame de Lambert
letellier_manuel-mythologique_1812.xml	madame de Lambert
letellier_manuel-mythologique_1812.xml	Pavillon
letellier_manuel-mythologique_1812.xml	Hoffmann
letellier_manuel-mythologique_1812.xml	Le cardinal de Bernis
letellier_manuel-mythologique_1812.xml	Barbe
letellier_manuel-mythologique_1812.xml	Fumars
letellier_manuel-mythologique_1812.xml	Madame Deshoulières
letellier_manuel-mythologique_1812.xml	Bourdaloue
letellier_manuel-mythologique_1812.xml	Crébillon
letellier_manuel-mythologique_1812.xml	Diogène
letellier_manuel-mythologique_1812.xml	Ésope
letellier_manuel-mythologique_1812.xml	Piron
letellier_manuel-mythologique_1812.xml	Desboulmiers
letellier_manuel-mythologique_1812.xml	Mademoiselle de Scudéri
letellier_manuel-mythologique_1812.xml	P. Villiers
letellier_manuel-mythologique_1812.xml	Esope
letellier_manuel-mythologique_1812.xml	Nicole
letellier_manuel-mythologique_1812.xml	Un auteur persan
letellier_manuel-mythologique_1812.xml	Panard
letellier_manuel-mythologique_1812.xml	Esope
letellier_manuel-mythologique_1812.xml	Phèdre
morel_mythologie-epuree_1864.xml	Emma Morel
morel_mythologie-epuree_1864.xml	Thalès de Milet
morel_mythologie-epuree_1864.xml	
morel_mythologie-epuree_1864.xml	Bias 
morel_mythologie-epuree_1864.xml	Pittacus 
morel_mythologie-epuree_1864.xml	Solon 
morel_mythologie-epuree_1864.xml	Périandre 
morel_mythologie-epuree_1864.xml	Cléobule 
morel_mythologie-epuree_1864.xml	Socrate 
morel_mythologie-epuree_1864.xml	Diodore de Sicile
ordinaire_dictionnaire-mythologie_1866.xml	Dionys Ordinaire
ordinaire_dictionnaire-mythologie_1866.xml	Ronsard
ordinaire_dictionnaire-mythologie_1866.xml	Chénier
ordinaire_dictionnaire-mythologie_1866.xml	Chompré
ordinaire_dictionnaire-mythologie_1866.xml	Offenbach
ordinaire_dictionnaire-mythologie_1866.xml	Lamartine
ordinaire_dictionnaire-mythologie_1866.xml	Hugo
ordinaire_dictionnaire-mythologie_1866.xml	Musset
ordinaire_dictionnaire-mythologie_1866.xml	Viennet
ordinaire_dictionnaire-mythologie_1866.xml	Volney
ordinaire_dictionnaire-mythologie_1866.xml	Sénèque
ordinaire_dictionnaire-mythologie_1866.xml	Zénon
ordinaire_dictionnaire-mythologie_1866.xml	Bollandus
ordinaire_dictionnaire-mythologie_1866.xml	Ronsard
ordinaire_dictionnaire-mythologie_1866.xml	Belleau
ordinaire_dictionnaire-mythologie_1866.xml	Jodelle
ordinaire_dictionnaire-mythologie_1866.xml	Baïf
ordinaire_dictionnaire-mythologie_1866.xml	Chapelle
ordinaire_dictionnaire-mythologie_1866.xml	Mme Roland
ordinaire_dictionnaire-mythologie_1866.xml	Champfort
ordinaire_dictionnaire-mythologie_1866.xml	Saint-Simon
ordinaire_dictionnaire-mythologie_1866.xml	Chompré
ordinaire_dictionnaire-mythologie_1866.xml	Chompré
ordinaire_dictionnaire-mythologie_1866.xml	M. T. Cicéron
ordinaire_dictionnaire-mythologie_1866.xml	Sénèque
ordinaire_dictionnaire-mythologie_1866.xml	Héraclite
ordinaire_dictionnaire-mythologie_1866.xml	Artémidore
ordinaire_dictionnaire-mythologie_1866.xml	Galien
ordinaire_dictionnaire-mythologie_1866.xml	Galien
ordinaire_dictionnaire-mythologie_1866.xml	Claude
ordinaire_dictionnaire-mythologie_1866.xml	Phlégon
ordinaire_dictionnaire-mythologie_1866.xml	Fréret
ordinaire_dictionnaire-mythologie_1866.xml	Fréret
ordinaire_dictionnaire-mythologie_1866.xml	le poëte
ordinaire_dictionnaire-mythologie_1866.xml	Maistre
ordinaire_dictionnaire-mythologie_1866.xml	Bonald
ordinaire_dictionnaire-mythologie_1866.xml	Châteaubriand
ordinaire_dictionnaire-mythologie_1866.xml	Gaume
ordinaire_dictionnaire-mythologie_1866.xml	le vieux poëte
ordinaire_dictionnaire-mythologie_1866.xml	Rabelais
ordinaire_dictionnaire-mythologie_1866.xml	Rabelais
ordinaire_dictionnaire-mythologie_1866.xml	Brillat-Savarin
ordinaire_dictionnaire-mythologie_1866.xml	Berchoux
ordinaire_dictionnaire-mythologie_1866.xml	Rabelais
ordinaire_dictionnaire-mythologie_1866.xml	cet auteur
ordinaire_dictionnaire-mythologie_1866.xml	Giotto
ordinaire_dictionnaire-mythologie_1866.xml	Onatas, fils de Mycon
ordinaire_dictionnaire-mythologie_1866.xml	Agéladas l’Argien
ordinaire_dictionnaire-mythologie_1866.xml	Damophon de Sicyone
ordinaire_dictionnaire-mythologie_1866.xml	Arcésilas de Chio
ordinaire_dictionnaire-mythologie_1866.xml	le poëte
ordinaire_dictionnaire-mythologie_1866.xml	Aristote
ordinaire_dictionnaire-mythologie_1866.xml	Des historiens à courte vue
ordinaire_dictionnaire-mythologie_1866.xml	Aristote
ordinaire_dictionnaire-mythologie_1866.xml	Ammien
ordinaire_dictionnaire-mythologie_1866.xml	Théocrite
ordinaire_dictionnaire-mythologie_1866.xml	Aristote
ordinaire_dictionnaire-mythologie_1866.xml	Cassius Médicus
ordinaire_dictionnaire-mythologie_1866.xml	Linnée
ordinaire_dictionnaire-mythologie_1866.xml	Anaxagore
ordinaire_dictionnaire-mythologie_1866.xml	Aristote
ordinaire_dictionnaire-mythologie_1866.xml	Mme Geoffrin
ordinaire_dictionnaire-mythologie_1866.xml	Mme du Châtelet
ordinaire_dictionnaire-mythologie_1866.xml	Mme d’Épinay
ordinaire_dictionnaire-mythologie_1866.xml	Mme du Deffant
ordinaire_dictionnaire-mythologie_1866.xml	Mme de Genlis
ordinaire_dictionnaire-mythologie_1866.xml	Mme Roland
ordinaire_dictionnaire-mythologie_1866.xml	Mme de Staël
ordinaire_dictionnaire-mythologie_1866.xml	les moralistes
ordinaire_dictionnaire-mythologie_1866.xml	La Bruyère
ordinaire_dictionnaire-mythologie_1866.xml	Millevoye
ordinaire_dictionnaire-mythologie_1866.xml	Rabelais
ordinaire_dictionnaire-mythologie_1866.xml	Rabelais
ordinaire_dictionnaire-mythologie_1866.xml	Tourangeau
ordinaire_dictionnaire-mythologie_1866.xml	Béranger
ordinaire_dictionnaire-mythologie_1866.xml	Parrhasius
ordinaire_dictionnaire-mythologie_1866.xml	Protogène
ordinaire_dictionnaire-mythologie_1866.xml	Protogène
ordinaire_dictionnaire-mythologie_1866.xml	Hegel
ordinaire_dictionnaire-mythologie_1866.xml	Musset
ordinaire_dictionnaire-mythologie_1866.xml	Tite-Live
ordinaire_dictionnaire-mythologie_1866.xml	Salluste
ordinaire_dictionnaire-mythologie_1866.xml	Proudhon
ordinaire_dictionnaire-mythologie_1866.xml	Arioste
ordinaire_dictionnaire-mythologie_1866.xml	Machiavel
ordinaire_dictionnaire-mythologie_1866.xml	Tasse
ordinaire_dictionnaire-mythologie_1866.xml	D’Alembert
ordinaire_dictionnaire-mythologie_1866.xml	Rabelais
ordinaire_dictionnaire-mythologie_1866.xml	Panard
ordinaire_dictionnaire-mythologie_1866.xml	Collé
ordinaire_dictionnaire-mythologie_1866.xml	Désaugiers
ordinaire_dictionnaire-mythologie_1866.xml	Debraux
ordinaire_dictionnaire-mythologie_1866.xml	Béranger
ordinaire_dictionnaire-mythologie_1866.xml	Régnier
ordinaire_dictionnaire-mythologie_1866.xml	la Chaussée
ordinaire_dictionnaire-mythologie_1866.xml	Shakspeare
ordinaire_dictionnaire-mythologie_1866.xml	Mme du Châtelet
ordinaire_dictionnaire-mythologie_1866.xml	Proudhon
ordinaire_dictionnaire-mythologie_1866.xml	Béranger
ordinaire_dictionnaire-mythologie_1866.xml	Molière
ordinaire_dictionnaire-mythologie_1866.xml	Goëthe
ordinaire_dictionnaire-mythologie_1866.xml	Shakspeare
ordinaire_dictionnaire-mythologie_1866.xml	Musset
ordinaire_dictionnaire-mythologie_1866.xml	Klopstoch
ordinaire_dictionnaire-mythologie_1866.xml	Ibicus
ordinaire_dictionnaire-mythologie_1866.xml	Ibicus
ordinaire_dictionnaire-mythologie_1866.xml	Shakspeare
ordinaire_dictionnaire-mythologie_1866.xml	Shakspeare
ordinaire_dictionnaire-mythologie_1866.xml	Ésope
ordinaire_dictionnaire-mythologie_1866.xml	Rabelais
ordinaire_dictionnaire-mythologie_1866.xml	Cuvier
ordinaire_dictionnaire-mythologie_1866.xml	Barthélemy Saint-Hilaire
ordinaire_dictionnaire-mythologie_1866.xml	Balzac
ordinaire_dictionnaire-mythologie_1866.xml	Santeul
ordinaire_dictionnaire-mythologie_1866.xml	du Bartas
ordinaire_dictionnaire-mythologie_1866.xml	Smith
ordinaire_dictionnaire-mythologie_1866.xml	Euler
ordinaire_dictionnaire-mythologie_1866.xml	Thomas Corneille
ordinaire_dictionnaire-mythologie_1866.xml	Chénier
ordinaire_dictionnaire-mythologie_1866.xml	Léopardi
ordinaire_dictionnaire-mythologie_1866.xml	Ptolémée
ordinaire_dictionnaire-mythologie_1866.xml	Julius Firmicus
ordinaire_dictionnaire-mythologie_1866.xml	Perse
ordinaire_dictionnaire-mythologie_1866.xml	Apollonius de Rhodes
ordinaire_dictionnaire-mythologie_1866.xml	Creutzer
renneville_nouvelle-mythologie_1847.xml	Sophie de Renneville
renneville_nouvelle-mythologie_1847.xml	
renneville_nouvelle-mythologie_1847.xml	
renneville_nouvelle-mythologie_1847.xml	
renneville_nouvelle-mythologie_1847.xml	
renneville_nouvelle-mythologie_1847.xml	
renneville_nouvelle-mythologie_1847.xml	
renneville_nouvelle-mythologie_1847.xml	
renneville_nouvelle-mythologie_1847.xml	M. Huet
renneville_nouvelle-mythologie_1847.xml	M. Petit
renneville_nouvelle-mythologie_1847.xml	Mercure Trismégiste
renneville_nouvelle-mythologie_1847.xml	
renneville_nouvelle-mythologie_1847.xml	
renneville_nouvelle-mythologie_1847.xml	
renneville_nouvelle-mythologie_1847.xml	
renneville_nouvelle-mythologie_1847.xml	
renneville_nouvelle-mythologie_1847.xml	
renneville_nouvelle-mythologie_1847.xml	Appelle
renneville_nouvelle-mythologie_1847.xml	
robbins_classic-tales_1833.xml	Eliza Robbins
robbins_classic-tales_1833.xml	Sir James Edward Smith
robbins_classic-tales_1833.xml	Mitford’s
robbins_classic-tales_1833.xml	Pope’s Homer
robbins_classic-tales_1833.xml	Burke
robbins_classic-tales_1833.xml	Allan Cunningham
robbins_classic-tales_1833.xml	Elton’s Hesiod
robbins_classic-tales_1833.xml	One of the Greek poets
robbins_classic-tales_1833.xml	Potter’s Euripides
robbins_classic-tales_1833.xml	Elton’s Hesiod
robbins_classic-tales_1833.xml	Shakspeare’s
robbins_classic-tales_1833.xml	Shakspeare’s
robbins_classic-tales_1833.xml	Shakspeare
robbins_classic-tales_1833.xml	Shakspeare
robbins_classic-tales_1833.xml	author of this work
robbins_classic-tales_1833.xml	Guido’s
robbins_classic-tales_1833.xml	Guido
robbins_classic-tales_1833.xml	Guido’s
robbins_elements-of-mythology_1860.xml	Eliza Robbins
robbins_elements-of-mythology_1860.xml	
robbins_elements-of-mythology_1860.xml	Dr. Clarke
robbins_elements-of-mythology_1860.xml	
robbins_elements-of-mythology_1860.xml	
robbins_elements-of-mythology_1860.xml	Dr. Clarke
robbins_elements-of-mythology_1860.xml	some of their writers
robbins_elements-of-mythology_1860.xml	Pitt’sVirgil
robbins_elements-of-mythology_1860.xml	Barry Cornwal
robbins_elements-of-mythology_1860.xml	Michel Angelo
robbins_elements-of-mythology_1860.xml	One of the ancients
robbins_elements-of-mythology_1860.xml	Eschylus
robbins_elements-of-mythology_1860.xml	the poet who had transmitted his fame to posterity
robbins_elements-of-mythology_1860.xml	Chilo of Lacedemon
robbins_elements-of-mythology_1860.xml	Chilo
robbins_elements-of-mythology_1860.xml	An English poet
robbins_elements-of-mythology_1860.xml	Latin historian
robbins_elements-of-mythology_1860.xml	Callicrates
robbins_elements-of-mythology_1860.xml	Ictinus
robbins_elements-of-mythology_1860.xml	Dr. Clark
robbins_elements-of-mythology_1860.xml	a writer eminent in the knowledge of their antiquities
robbins_elements-of-mythology_1860.xml	the same authority
robbins_elements-of-mythology_1860.xml	One of the Roman poets
robbins_elements-of-mythology_1860.xml	one of the Roman writers
tressan_mythologie-comparee-01_1822.xml	Maurice-Élisabeth de Lavergne, abbé de Tressan
tressan_mythologie-comparee-01_1822.xml	Bannier
tressan_mythologie-comparee-01_1822.xml	Chompré
tressan_mythologie-comparee-01_1822.xml	Noël
tressan_mythologie-comparee-01_1822.xml	Josèphe
tressan_mythologie-comparee-01_1822.xml	Josèphe
tressan_mythologie-comparee-01_1822.xml	Syncelle
tressan_mythologie-comparee-01_1822.xml	Bérose
tressan_mythologie-comparee-01_1822.xml	l’auteur chaldéen
tressan_mythologie-comparee-01_1822.xml	Bérose
tressan_mythologie-comparee-01_1822.xml	Bérose
tressan_mythologie-comparee-01_1822.xml	Moïse
tressan_mythologie-comparee-01_1822.xml	Moïse
tressan_mythologie-comparee-01_1822.xml	l’auteur chaldéen
tressan_mythologie-comparee-01_1822.xml	Bérose
tressan_mythologie-comparee-01_1822.xml	Moïse
tressan_mythologie-comparee-01_1822.xml	l’auteur chaldéen
tressan_mythologie-comparee-01_1822.xml	Oannès
tressan_mythologie-comparee-01_1822.xml	Helladius
tressan_mythologie-comparee-01_1822.xml	Oannès
tressan_mythologie-comparee-01_1822.xml	une société d’Anglais
tressan_mythologie-comparee-01_1822.xml	Scaliger
tressan_mythologie-comparee-01_1822.xml	Moïse
tressan_mythologie-comparee-01_1822.xml	Bailli
tressan_mythologie-comparee-01_1822.xml	Bérose
tressan_mythologie-comparee-01_1822.xml	Oannès
tressan_mythologie-comparee-01_1822.xml	Oannès
tressan_mythologie-comparee-01_1822.xml	Philon de Biblos
tressan_mythologie-comparee-01_1822.xml	Sanchoniaton
tressan_mythologie-comparee-01_1822.xml	Thot
tressan_mythologie-comparee-01_1822.xml	Thaut
tressan_mythologie-comparee-01_1822.xml	Hermès
tressan_mythologie-comparee-01_1822.xml	Sanchoniaton
tressan_mythologie-comparee-01_1822.xml	cet ancien auteur
tressan_mythologie-comparee-01_1822.xml	Sanchoniaton
tressan_mythologie-comparee-01_1822.xml	Sanchoniaton
tressan_mythologie-comparee-01_1822.xml	Thaut
tressan_mythologie-comparee-01_1822.xml	Origène
tressan_mythologie-comparee-01_1822.xml	Hermès Trismégiste
tressan_mythologie-comparee-01_1822.xml	Zoroastre
tressan_mythologie-comparee-01_1822.xml	Zoroastre
tressan_mythologie-comparee-01_1822.xml	Orphée
tressan_mythologie-comparee-01_1822.xml	Orphée
tressan_mythologie-comparee-01_1822.xml	Vossius
tressan_mythologie-comparee-01_1822.xml	Ce savant
tressan_mythologie-comparee-01_1822.xml	Vossius
tressan_mythologie-comparee-01_1822.xml	Zoroastre
tressan_mythologie-comparee-01_1822.xml	Zoroastre
tressan_mythologie-comparee-01_1822.xml	Vossius
tressan_mythologie-comparee-01_1822.xml	Zoroastre
tressan_mythologie-comparee-01_1822.xml	Zoroastre
tressan_mythologie-comparee-01_1822.xml	Thomas Hyde
tressan_mythologie-comparee-01_1822.xml	Vossius
tressan_mythologie-comparee-01_1822.xml	Zoroastre
tressan_mythologie-comparee-01_1822.xml	Hyde
tressan_mythologie-comparee-01_1822.xml	Manès
tressan_mythologie-comparee-01_1822.xml	Diodore de Sicile
tressan_mythologie-comparee-01_1822.xml	Sanchoniaton
tressan_mythologie-comparee-01_1822.xml	Moïse
tressan_mythologie-comparee-01_1822.xml	Moïse
tressan_mythologie-comparee-01_1822.xml	Macrobe
tressan_mythologie-comparee-01_1822.xml	Ésope
tressan_mythologie-comparee-01_1822.xml	chantre d’Achille
tressan_mythologie-comparee-01_1822.xml	Anaxagore
tressan_mythologie-comparee-01_1822.xml	Aristote
tressan_mythologie-comparee-01_1822.xml	Bochart
tressan_mythologie-comparee-01_1822.xml	Diodore de Sicile
tressan_mythologie-comparee-01_1822.xml	Orphée
tressan_mythologie-comparee-01_1822.xml	Diodore de Sicile
tressan_mythologie-comparee-01_1822.xml	l’auteur du Voyage du jeune Anacharsis
tressan_mythologie-comparee-01_1822.xml	Moïse
tressan_mythologie-comparee-01_1822.xml	Diodore de Sicile
tressan_mythologie-comparee-01_1822.xml	Le même auteur
tressan_mythologie-comparee-01_1822.xml	Denys d’Halicarnasse
tressan_mythologie-comparee-01_1822.xml	Hyde
tressan_mythologie-comparee-01_1822.xml	Zoroastre
tressan_mythologie-comparee-01_1822.xml	Diodore de Sicile
tressan_mythologie-comparee-01_1822.xml	le même auteur
tressan_mythologie-comparee-01_1822.xml	Diodore de Sicile
tressan_mythologie-comparee-01_1822.xml	Évhémère
tressan_mythologie-comparee-01_1822.xml	dom Pezron
tressan_mythologie-comparee-01_1822.xml	Diodore de Sicile
tressan_mythologie-comparee-01_1822.xml	Diodore de Sicile
tressan_mythologie-comparee-01_1822.xml	Sanchoniaton
tressan_mythologie-comparee-01_1822.xml	Lactance
tressan_mythologie-comparee-01_1822.xml	Phydias
tressan_mythologie-comparee-01_1822.xml	Diodore de Sicile
tressan_mythologie-comparee-01_1822.xml	Pline, le naturaliste
tressan_mythologie-comparee-01_1822.xml	Augustin
tressan_mythologie-comparee-01_1822.xml	Court de Gébelin
tressan_mythologie-comparee-01_1822.xml	Diodore de Sicile
tressan_mythologie-comparee-01_1822.xml	Diodore de Sicile
tressan_mythologie-comparee-01_1822.xml	Diodore de Sicile
tressan_mythologie-comparee-01_1822.xml	Michel-Ange
tressan_mythologie-comparee-01_1822.xml	, m
tressan_mythologie-comparee-01_1822.xml	Moïse
tressan_mythologie-comparee-01_1822.xml	Diodore de Sicile
tressan_mythologie-comparee-01_1822.xml	Évhémère
tressan_mythologie-comparee-01_1822.xml	Lactance
tressan_mythologie-comparee-01_1822.xml	Béger
tressan_mythologie-comparee-01_1822.xml	Ésope
tressan_mythologie-comparee-01_1822.xml	Moïse
tressan_mythologie-comparee-01_1822.xml	Diodore de Sicile
tressan_mythologie-comparee-01_1822.xml	un second Mercure égyptien, que l’on surnomma Trismégiste
tressan_mythologie-comparee-01_1822.xml	Le même poëte
tressan_mythologie-comparee-01_1822.xml	Béger
tressan_mythologie-comparee-01_1822.xml	Job
tressan_mythologie-comparee-01_1822.xml	Pline le naturaliste
tressan_mythologie-comparee-01_1822.xml	Diodore de Sicile
tressan_mythologie-comparee-01_1822.xml	Orphée
tressan_mythologie-comparee-01_1822.xml	Orphée
tressan_mythologie-comparee-01_1822.xml	Augustin
tressan_mythologie-comparee-01_1822.xml	Suétone
tressan_mythologie-comparee-01_1822.xml	Sanchoniaton
tressan_mythologie-comparee-01_1822.xml	Marsham
tressan_mythologie-comparee-01_1822.xml	Thrasymède de Paros
tressan_mythologie-comparee-01_1822.xml	Tite-Live
tressan_mythologie-comparee-02_1822.xml	Maurice-Élisabeth de Lavergne, abbé de Tressan
tressan_mythologie-comparee-02_1822.xml	Augustin
tressan_mythologie-comparee-02_1822.xml	Timée de Sicile
tressan_mythologie-comparee-02_1822.xml	Selden
tressan_mythologie-comparee-02_1822.xml	Lydiat
tressan_mythologie-comparee-02_1822.xml	Prideaux
tressan_mythologie-comparee-02_1822.xml	Augustin
tressan_mythologie-comparee-02_1822.xml	Pline le Naturaliste
tressan_mythologie-comparee-02_1822.xml	Zoroastre
tressan_mythologie-comparee-02_1822.xml	Épimenides
tressan_mythologie-comparee-02_1822.xml	Joseph
tressan_mythologie-comparee-02_1822.xml	auteur de Télémaqu
tressan_mythologie-comparee-02_1822.xml	l’auteur du Voyage d’Anacharsis
tressan_mythologie-comparee-02_1822.xml	Diodore de Sicile
tressan_mythologie-comparee-02_1822.xml	Diodore de Sicile
tressan_mythologie-comparee-02_1822.xml	Apollonius de Rhodes
tressan_mythologie-comparee-02_1822.xml	Apollonius de Rhodes
tressan_mythologie-comparee-02_1822.xml	Bochard
tressan_mythologie-comparee-02_1822.xml	le même auteur
tressan_mythologie-comparee-02_1822.xml	Eumélus
tressan_mythologie-comparee-02_1822.xml	Diodore de Sicile
tressan_mythologie-comparee-02_1822.xml	Il
tressan_mythologie-comparee-02_1822.xml	Orphée
tressan_mythologie-comparee-02_1822.xml	Orphée
tressan_mythologie-comparee-02_1822.xml	Orphée
tressan_mythologie-comparee-02_1822.xml	Stace
tressan_mythologie-comparee-02_1822.xml	auteur du Voyage du jeune Anacharsis
tressan_mythologie-comparee-02_1822.xml	Ératosthène
tressan_mythologie-comparee-02_1822.xml	Apollodore le chronographe
tressan_mythologie-comparee-02_1822.xml	Clément d’Alexandrie
tressan_mythologie-comparee-02_1822.xml	Arien
tressan_mythologie-comparee-02_1822.xml	Bérose
tressan_mythologie-comparee-02_1822.xml	Josephe
tressan_mythologie-comparee-02_1822.xml	Bérose
tressan_mythologie-comparee-02_1822.xml	Diodore de Sicile
tressan_mythologie-comparee-02_1822.xml	Diodore de Sicile
tressan_mythologie-comparee-02_1822.xml	Chersiphron
tressan_mythologie-comparee-02_1822.xml	Chersiphron
tressan_mythologie-comparee-02_1822.xml	Agamède
tressan_mythologie-comparee-02_1822.xml	Trophonius
tressan_mythologie-comparee-02_1822.xml	un célèbre architecte romain
tressan_mythologie-comparee-02_1822.xml	Michel-Ange
tressan_mythologie-comparee-02_1822.xml	Michel-Ange
tressan_mythologie-comparee-02_1822.xml	Van-Dale
tressan_mythologie-comparee-02_1822.xml	Van-Dale
tressan_mythologie-comparee-02_1822.xml	Baltus
tressan_mythologie-comparee-02_1822.xml	Van-Dale
tressan_mythologie-comparee-02_1822.xml	Van-Dale
tressan_mythologie-comparee-02_1822.xml	Diodore de Sicile
tressan_mythologie-comparee-02_1822.xml	Isaïe
tressan_mythologie-comparee-02_1822.xml	évangélistes
tressan_mythologie-comparee-02_1822.xml	célèbre historien du Danemarck
tressan_mythologie-comparee-02_1822.xml	Jules César
tressan_mythologie-comparee-02_1822.xml	un auteur de ce pays
tressan_mythologie-comparee-02_1822.xml	Jules César
tressan_mythologie-comparee-02_1822.xml	Maxime de Tyr
tressan_mythologie-comparee-02_1822.xml	Lactance
tressan_mythologie-comparee-02_1822.xml	Aristote
tressan_mythologie-comparee-02_1822.xml	Jules César
tressan_mythologie-comparee-02_1822.xml	Pomponius Méla
tressan_mythologie-comparee-02_1822.xml	Jules-César
tressan_mythologie-comparee-02_1822.xml	Jules-César
tressan_mythologie-comparee-02_1822.xml	Suétone
tressan_mythologie-comparee-02_1822.xml	Aurélius Victor
tressan_mythologie-comparee-02_1822.xml	Sénèque
white_students-mythology_1889.xml	Catherine Ann White
white_students-mythology_1889.xml	Calmet
white_students-mythology_1889.xml	Anthon
white_students-mythology_1889.xml	Tooke
white_students-mythology_1889.xml	Huc
white_students-mythology_1889.xml	Schlegel
white_students-mythology_1889.xml	Martin
white_students-mythology_1889.xml	Reynaud
white_students-mythology_1889.xml	Clavigero
white_students-mythology_1889.xml	Prescott
white_students-mythology_1889.xml	Aratus
white_students-mythology_1889.xml	St. Paul
white_students-mythology_1889.xml	Humboldt
white_students-mythology_1889.xml	a Roman historian
white_students-mythology_1889.xml	An ancient poet
white_students-mythology_1889.xml	Linnæus
white_students-mythology_1889.xml	Publius Virgilius Maro
white_students-mythology_1889.xml	Ovidius Naso
white_students-mythology_1889.xml	Dale
white_students-mythology_1889.xml	Bishop Horsley
white_students-mythology_1889.xml	St. Justin
white_students-mythology_1889.xml	Demosthenes
white_students-mythology_1889.xml	Belzoni
white_students-mythology_1889.xml	Belzoni
white_students-mythology_1889.xml	Belzoni
white_students-mythology_1889.xml	Juvenal
white_students-mythology_1889.xml	Jeremias
white_students-mythology_1889.xml	Ezekiel
white_students-mythology_1889.xml	Confucius
white_students-mythology_1889.xml	Lao-tze
white_students-mythology_1889.xml	Confucius
white_students-mythology_1889.xml	Confucius
white_students-mythology_1889.xml	Socrates
white_students-mythology_1889.xml	Confucius
white_students-mythology_1889.xml	Confucius
white_students-mythology_1889.xml	Lao-tze
white_students-mythology_1889.xml	Confucius
white_students-mythology_1889.xml	Confucius
white_students-mythology_1889.xml	Confucius
white_students-mythology_1889.xml	Confucius
white_students-mythology_1889.xml	Confucius
white_students-mythology_1889.xml	Lao-tze
white_students-mythology_1889.xml	Confucius
white_students-mythology_1889.xml	Lao-tze
white_students-mythology_1889.xml	Lao-tze
white_students-mythology_1889.xml	Lao-tze
white_students-mythology_1889.xml	Lao-tze
white_students-mythology_1889.xml	Lao-tze
white_students-mythology_1889.xml	Sâmund Sigfûsson
white_students-mythology_1889.xml	Julius Cæsar
white_students-mythology_1889.xml	Zenodorus
white_students-mythology_1889.xml	Cæsar
white_students-mythology_1889.xml	Cæsar
white_students-mythology_1889.xml	Procopius
white_students-mythology_1889.xml	Cæsar
white_students-mythology_1889.xml	Cæsar
white_students-mythology_1889.xml	Demosthenes
white_students-mythology_1889.xml	Justin (Saint)
white_students-mythology_1889.xml	St. Justin
white_students-mythology_1889.xml	St. Justin
white_students-mythology_1889.xml	Juvenal
white_students-mythology_1889.xml	Mæcenas
white_students-mythology_1889.xml	Plinius, (Secundus C.)
white_students-mythology_1889.xml	Pliny the Elder
white_students-mythology_1889.xml	Pliny the Younger
white_students-mythology_1889.xml	Procopius
